<?xml version="1.0" encoding="UTF-8"?>
<project-private xmlns="http://www.netbeans.org/ns/project-private/1">
    <editor-bookmarks xmlns="http://www.netbeans.org/ns/editor-bookmarks/2" lastBookmarkId="0"/>
    <open-files xmlns="http://www.netbeans.org/ns/projectui-open-files/2">
        <group>
            <file>file:/C:/DHANU%20DBMS%20JAVA/MINIPROJECT/src/miniproject/HOME.java</file>
            <file>file:/C:/DHANU%20DBMS%20JAVA/MINIPROJECT/src/miniproject/ADMINLOGIN.java</file>
            <file>file:/C:/DHANU%20DBMS%20JAVA/MINIPROJECT/src/miniproject/USERREGISTRATION.java</file>
            <file>file:/C:/DHANU%20DBMS%20JAVA/MINIPROJECT/src/miniproject/DELETE.java</file>
            <file>file:/C:/DHANU%20DBMS%20JAVA/MINIPROJECT/src/miniproject/PAYMENT.java</file>
            <file>file:/C:/DHANU%20DBMS%20JAVA/MINIPROJECT/src/miniproject/USERDELETE.java</file>
            <file>file:/C:/DHANU%20DBMS%20JAVA/MINIPROJECT/src/miniproject/APPROVE.java</file>
            <file>file:/C:/DHANU%20DBMS%20JAVA/MINIPROJECT/src/miniproject/PAYSUCCESS.java</file>
            <file>file:/C:/DHANU%20DBMS%20JAVA/MINIPROJECT/src/miniproject/DELEX.java</file>
            <file>file:/C:/DHANU%20DBMS%20JAVA/MINIPROJECT/src/miniproject/BULDOZER.java</file>
            <file>file:/C:/DHANU%20DBMS%20JAVA/MINIPROJECT/src/miniproject/DELUSE.java</file>
            <file>file:/C:/DHANU%20DBMS%20JAVA/MINIPROJECT/src/miniproject/ADDEX.java</file>
            <file>file:/C:/DHANU%20DBMS%20JAVA/MINIPROJECT/src/miniproject/VEHICLES.java</file>
            <file>file:/C:/DHANU%20DBMS%20JAVA/MINIPROJECT/src/miniproject/DELETEUSER.java</file>
            <file>file:/C:/DHANU%20DBMS%20JAVA/MINIPROJECT/src/connector/jdbc.java</file>
        </group>
    </open-files>
</project-private>
